模板,别名,数据文件,标识行,主线进度,阶段（人工，不改）,攻速系数｜人工,攻速系数｜实测,攻击倍率｜人工,攻击倍率｜实测,段数系数｜人工,段数系数｜实测,霸体系数｜人工,霸体系数｜实测,速度系数｜人工,速度系数｜定义档,移动速度,档次系数｜人工,档次系数｜重解,档次描述｜人工,档次描述｜重解,成长系数｜人工,成长系数｜重解,高攻低血防系数｜人工,高攻低血防系数｜重解,高防低血系数｜人工,高防低血系数｜重解,人工那组复算误差,人工那组最差项,我这组复算误差,我这组最差项,我这组档次超不超参考区间,分歧的测算项,实测依据与缺口
敌人-裸体兽化僵尸1,裸体兽化僵尸,原版敌人 2011-2012.xml,531,废城,1,1,4,1,1,1,2,1,1,3,3（跨档可取 2.5）,50~80,2,3,大型小怪,低级精英,1,1.3,1,1.8,1,1.3,9.97%,防御min 17.14%（面板 70／复算 82）,4.66%,HPmin 8.74%（面板 450／复算 489.34）,,攻速系数、段数系数,前摇 12 帧 + 后摇 21 帧×0.2 = 16.2 帧，对放宽 1.20 倍的档位门槛 → 攻速 4（快）；霸体：击倒/倒地 各有击飞逻辑（2 处证据）；击退时长 a0=14、a1=14 → 长击退；取 1（长击退可击飞）
敌人-兽化僵尸1,兽化僵尸,原版敌人 2011-2012.xml,479,废城,1,1,5,1,1,1,2,1,1,3,3（跨档可取 2.5）,50~80,2,3.5,大型小怪,低级精英+,1,1.5,1,2,1,1.6,3.82%,空手MAX 6.89%（面板 155／复算 165.673）,6.8%,HPmin 10.59%（面板 490／复算 541.906）,,攻速系数、段数系数,前摇 5 帧 + 后摇 20 帧×0.2 = 9 帧，对放宽 1.20 倍的档位门槛 → 攻速 5（极快）；霸体：击倒/倒地 各有击飞逻辑（2 处证据）；击退时长 a0=14、a1=14 → 长击退；取 1（长击退可击飞）
敌人-盗贼小飞机,望风鸢,盗贼新单位.xml,27,盗贼,2,3,4,1,1,1,2.5,1,3,1,1,30~40,1.5,1,中型小怪,小型小怪,0.8,0.8,0.5,0.6,1.3,1.5,66.93%,HPmin 110.11%（面板 990／复算 2080.078）,8.09%,空手MAX 14.18%（面板 83／复算 71.231）,,攻速系数、段数系数、霸体系数,前摇 11.5 帧 + 后摇 11.5 帧×0.2 = 13.8 帧，对放宽 1.20 倍的档位门槛 → 攻速 4（快）；霸体：击倒/倒地 没凑齐击飞逻辑（不可击飞）；击退时长 a0=14、a1=14 → 长击退；取 3（长击退不可击飞）
敌人-兽化变种,兽化变种僵尸,僵尸新敌人.xml,146,盗贼,2,2,3,2,2,4,3.5,1,1,2,2（跨档可取 1.5）,40~60,5,5,中级精英,中级精英,1,1,2,2.1,0.9,0.9,0.78%,空手MIN 1.67%（面板 60／复算 59）,4.67%,空手MIN 7.48%（面板 60／复算 55.512）,,攻速系数、段数系数,前摇 15.33 帧 + 后摇 25.67 帧×0.2 = 20.47 帧，对放宽 1.20 倍的档位门槛 → 攻速 3（中等）；霸体：击倒/倒地 各有击飞逻辑（2 处证据）；击退时长 a0=14、a1=14 → 长击退；取 1（长击退可击飞）
敌人-巨臂僵尸,巨臂僵尸,僵尸新敌人.xml,186,盗贼,2,1.5,4,1,1,3,2.8,1.1,1,1,1,25~35,8,10,高级精英,低级boss+,1,1,0.8,1,1,1.1,0.2%,防御min 0.44%（面板 113／复算 112.5）,3.08%,防御max 5.86%（面板 493／复算 464.1）,,攻速系数、段数系数、霸体系数,前摇 13 帧 + 后摇 24.67 帧×0.2 = 17.93 帧，对放宽 1.20 倍的档位门槛 → 攻速 4（快）；霸体：击倒/倒地 各有击飞逻辑（2 处证据）；击退时长 a0=14、a1=14 → 长击退；取 1（长击退可击飞）
敌人-爆胖僵尸,爆胖僵尸,僵尸新敌人.xml,284,总堂前期,4,1,3,1.5,1.5,3,5.3,1,1,1,1,15~25,5,7,中级精英,高级精英-,1,1,1,1.4,0.5,0.6,0.21%,HPmin 0.43%（面板 10500／复算 10544.75）,4.1%,HPmax 7.44%（面板 31100／复算 28785.48）,,攻速系数、段数系数,前摇 16.5 帧 + 后摇 23 帧×0.2 = 21.1 帧，对放宽 1.20 倍的档位门槛 → 攻速 3（中等）；霸体：击倒/倒地 各有击飞逻辑（2 处证据）；击退时长 a0=14、a1=10 → 长击退；取 1（长击退可击飞）
敌人-触手僵尸,触手僵尸,僵尸新敌人.xml,232,总堂前期,4,2.5,3,1.5,1.5,3,2.3,1,1,2,2（跨档可取 1.5）,35~50,5,5,中级精英,中级精英,1,1,1,1,1,1,0.27%,HPmin 0.62%（面板 6500／复算 6460）,2.17%,空手MIN 3.86%（面板 81／复算 84.126）,,攻速系数、段数系数,前摇 15.5 帧 + 后摇 37 帧×0.2 = 22.9 帧，对放宽 1.20 倍的档位门槛 → 攻速 3（中等）；霸体：击倒/倒地 各有击飞逻辑（2 处证据）；击退时长 （整段）=13 → 长击退；取 1（长击退可击飞）
敌人-Codex黑仔,黑仔,大学.xml,281,总堂前期,4,4,5,1.5,1,2.5,5.3,4,2,2,2（跨档可取 2.5）,50~70,6,6.5,中级精英+,高级精英-,2,2.2,1,1.1,2.5,2.7,0.08%,空手MIN 0.14%（面板 48／复算 47.933）,3.22%,空手MIN 6.15%（面板 48／复算 45.05）,,攻速系数、攻击倍率、段数系数、霸体系数,前摇 6.6 帧 + 后摇 5.6 帧×0.2 = 7.72 帧，对放宽 1.20 倍的档位门槛 → 攻速 5（极快）；5 招没找到 动画完毕 调用，后摇退回段尾折算；霸体：击倒/倒地 各有击飞逻辑（2 处证据）；击退时长 空手0=9、空手1=9 → 短击退；取 2（短击退可击飞）
敌人-飞刀小子,翅虎,原版敌人 2013-2016.xml,164,总堂前期,4,3,4,1,1,8,6.5,3,1,3,3（跨档可取 2.5）,60~80,9,9,低级boss,低级boss,1.2,1.2,0.9,0.9,2,2,1.44%,空手MIN 2.15%（面板 85／复算 86.823）,2.94%,空手MIN 5.12%（面板 85／复算 80.646）,,攻速系数、段数系数、霸体系数,前摇 9 帧 + 后摇 23.25 帧×0.2 = 13.65 帧，对放宽 1.20 倍的档位门槛 → 攻速 4（快）；霸体：击倒/倒地 各有击飞逻辑（2 处证据）；击退时长 a0=14、a1=14 → 长击退；取 1（长击退可击飞）
敌人-体育老师,体育老师,大学.xml,28,总堂前期,4,5,5,1.5,1.6,2.5,4.2,4,3,2.5,3（跨档可取 2.5）,50~75,12,15,中级boss-,高级boss-,1,1.2,1,1.3,2.5,3.2,5.13%,HPmax 7.79%（面板 29000／复算 26741.532）,5.65%,空手MAX 9.78%（面板 378／复算 414.963）,,攻击倍率、段数系数、霸体系数、速度系数,速度系数 人工 2.5，按移动速度 50~75 取定义档 3；前摇 4.75 帧 + 后摇 5.75 帧×0.2 = 5.9 帧，对放宽 1.20 倍的档位门槛 → 攻速 5（极快）；1 招没找到 动画完毕 调用，后摇退回段尾折算；霸体：击倒/倒地 没凑齐击飞逻辑（不可击飞）；击退时长 后撤步=9、诛杀步=11 → 长击退；取 3（长击退不可击飞）
敌人-摇滚公园贝斯,贝斯,堕落城新人物.xml,29,总堂前期,4,1.5,3,2,1.7,3,3.4,2.3,3.1,2,2（跨档可取 1.5）,35~50,13,15,中级boss,高级boss-,1.5,1.6,1.2,1.3,1.5,1.5,1.99%,防御min 4.27%（面板 150／复算 143.598）,3.8%,防御min 7.29%（面板 150／复算 139.059）,,攻速系数、攻击倍率、段数系数、霸体系数,前摇 20.2 帧 + 后摇 26.6 帧×0.2 = 25.52 帧，对放宽 1.20 倍的档位门槛 → 攻速 3（中等）；1 招没找到 动画完毕 调用，后摇退回段尾折算；霸体：击倒/倒地 没凑齐击飞逻辑（不可击飞）；击退时长 普通受击=9、远程防反=30、近战防反=19 → 长击退；取 3（长击退不可击飞）＋韧性 30 按 Excel H34 加 0.1 = 3.1
敌人-骨刺僵尸,骨刺僵尸,下水道.xml,379,总堂后期,5,2,4,2,1.5,5,11.8,3,3.1,1,1,25~40,16,18,高级boss,顶级boss-,2,2.2,1.1,1.4,1.3,1.4,18.99%,空手MIN 24.76%（面板 110／复算 137.239）,3.76%,空手MAX 6.53%（面板 600／复算 639.187）,,攻速系数、攻击倍率、段数系数、霸体系数,前摇 12.8 帧 + 后摇 24.2 帧×0.2 = 17.64 帧，对放宽 1.20 倍的档位门槛 → 攻速 4（快）；1 招没找到 动画完毕 调用，后摇退回段尾折算；段数 11.77 超出 D13 建议上限 10；霸体：击倒/倒地 没凑齐击飞逻辑（不可击飞）；击退时长 a0=36 → 长击退；取 3（长击退不可击飞）＋韧性 35 按 Excel H34 加 0.1 = 3.1
敌人-黑铁派学员,黑铁会派学生,大学.xml,64,诺亚前期,6,4,5,1.5,1,2.5,6.3,1,2,2,2（跨档可取 2.5）,45~65,3,2.5,低级精英,低级精英-,1,1.1,1,1.1,2.5,2.7,37.96%,空手MIN 54.8%（面板 40／复算 61.921）,6.01%,HPmax 10.29%（面板 7000／复算 7720.644）,,攻速系数、攻击倍率、段数系数、霸体系数,前摇 5.13 帧 + 后摇 7 帧×0.2 = 6.53 帧，对放宽 1.20 倍的档位门槛 → 攻速 5（极快）；29 招没找到 动画完毕 调用，后摇退回段尾折算；霸体：击倒/倒地 各有击飞逻辑（2 处证据）；击退时长 兵器0=9、兵器1=9 → 短击退；取 2（短击退可击飞）
敌人-军阀派学员,军阀派学生,大学.xml,100,诺亚前期,6,4,4,1.5,1,2.5,4,1,2,2,2（跨档可取 2.5）,45~65,3,2,低级精英,大型小怪,1,1,1,0.9,2.5,2.4,37.96%,空手MIN 54.8%（面板 40／复算 61.921）,7.99%,空手MIN 13.75%（面板 40／复算 45.5）,,攻击倍率、段数系数、霸体系数,前摇 11 帧 + 后摇 16 帧×0.2 = 14.2 帧，对放宽 1.20 倍的档位门槛 → 攻速 4（快）；霸体：击倒/倒地 各有击飞逻辑（2 处证据）；击退时长 长枪0=9、长枪1=9 → 短击退；取 2（短击退可击飞）
敌人-诺亚虔信者,诺亚虔信者,大学.xml,136,诺亚前期,6,4,4,1.5,2,2.5,4.3,1,3,2,2（跨档可取 2.5）,45~65,3,3,低级精英,低级精英,1,1.2,1,1.3,2.5,3,37.96%,空手MIN 54.8%（面板 40／复算 61.921）,6.21%,HPmax 9.41%（面板 7000／复算 7658.474）,,攻击倍率、段数系数、霸体系数,前摇 9.67 帧 + 后摇 14 帧×0.2 = 12.47 帧，对放宽 1.20 倍的档位门槛 → 攻速 4（快）；霸体：击倒/倒地 没凑齐击飞逻辑（不可击飞）；击退时长 （整段）=19 → 长击退；取 3（长击退不可击飞）
敌人-大学军校生,大学军校生,大学.xml,208,诺亚前期,6,4,4,1.5,1,2.5,4,4,4,2,2（跨档可取 2.5）,50~70,5,3,中级精英,低级精英,1,1,1,0.8,2.5,2.2,30.26%,空手MIN 42.67%（面板 70／复算 99.868）,8.75%,空手MIN 15.71%（面板 70／复算 59）,,攻击倍率、段数系数,前摇 11 帧 + 后摇 16 帧×0.2 = 14.2 帧，对放宽 1.20 倍的档位门槛 → 攻速 4（快）；霸体：击倒/倒地 没凑齐击飞逻辑（不可击飞）；击退时长 兵器0=1、兵器1=1 → 短击退；取 4（短击退不可击飞）
敌人-剑道社社员,剑道社社员,大学.xml,172,诺亚前期,6,4,5,1.5,1,2.5,6.3,4,4,2,2（跨档可取 2.5）,50~70,5,4,中级精英,中级精英-,1,1,1,1.1,2.5,2.5,30.26%,空手MIN 42.67%（面板 70／复算 99.868）,3.34%,防御max 5.26%（面板 735／复算 696.364）,,攻速系数、攻击倍率、段数系数,前摇 5.1 帧 + 后摇 6.73 帧×0.2 = 6.45 帧，对放宽 1.20 倍的档位门槛 → 攻速 5（极快）；29 招没找到 动画完毕 调用，后摇退回段尾折算；霸体：击倒/倒地 没凑齐击飞逻辑（不可击飞）；击退时长 兵器0=1、兵器1=1 → 短击退；取 4（短击退不可击飞）
敌人-诺亚圣战军,诺亚圣战军,大学.xml,244,诺亚前期,6,4,5,1.5,1.5,2.5,1,4,4,2,2（跨档可取 2.5）,50~70,5,3,中级精英,低级精英,1,1,1,0.9,2.5,2.2,30.26%,空手MIN 42.67%（面板 70／复算 99.868）,6.6%,HPmin 11.19%（面板 4300／复算 3818.746）,,攻速系数、段数系数,攻击倍率 没有实测证据，沿用人工 1.5；前摇 10 帧 + 后摇 0 帧×0.2 = 10 帧，对放宽 1.20 倍的档位门槛 → 攻速 5（极快）；霸体：击倒/倒地 没凑齐击飞逻辑（不可击飞）；击退时长 兵器0=1、兵器1=1 → 短击退；取 4（短击退不可击飞）
敌人-闪流步兵,闪流步兵,军阀新人物.xml,147,诺亚前期,6,3,4,2,3.4,2.5,2.3,2,4,1,1（跨档可取 1.5）,30~50,8,10,高级精英,低级boss+,1,1,1,1.4,1.2,1.4,12.34%,HPmax 19.51%（面板 40500／复算 48403.229）,2.33%,空手MIN 3.86%（面板 145／复算 139.397）,,攻速系数、攻击倍率、段数系数、霸体系数,前摇 12.75 帧 + 后摇 23.5 帧×0.2 = 17.45 帧，对放宽 1.20 倍的档位门槛 → 攻速 4（快）；倍率 3.42 超出 D13 常用上限 3；霸体：击倒/倒地 没凑齐击飞逻辑（不可击飞）；击退时长 a0=9、a1=7 → 短击退；取 4（短击退不可击飞）
敌人-ArmsArchai,ARCHAI,天网.xml,418,诺亚后期,7,1,3,0.5,3.9,10,3.7,3,3,1,1,10~35,2,6,大型小怪,中级精英+,0.9,1.2,1.5,4,1.5,2.4,0.04%,防御min 0.07%（面板 114／复算 114.085）,7.98%,空手MAX 14.14%（面板 582／复算 664.295）,,攻速系数、攻击倍率、段数系数,前摇 19.25 帧 + 后摇 13.75 帧×0.2 = 22 帧，对放宽 1.20 倍的档位门槛 → 攻速 3（中等）；2 招没找到 动画完毕 调用，后摇退回段尾折算；倍率 3.88 超出 D13 常用上限 3；霸体：击倒/倒地 没凑齐击飞逻辑（不可击飞）；击退时长 a0=13、a1=13 → 长击退；取 3（长击退不可击飞）
敌人-ArmsMalakim,MALAKIM,天网.xml,464,诺亚后期,7,1,1,0.5,4.4,8,4.7,3,3,1,1,10~30,2,6,大型小怪,中级精英+,0.8,1,0.5,1.2,3,5.1,0.23%,空手MIN 0.57%（面板 87／复算 87.493）,6.3%,防御max 8.44%（面板 1414／复算 1294.6）,,攻击倍率、段数系数,前摇 49.33 帧 + 后摇 27 帧×0.2 = 54.73 帧，对放宽 1.20 倍的档位门槛 → 攻速 1（极慢）；倍率 4.38 超出 D13 常用上限 3；霸体：击倒/倒地 没凑齐击飞逻辑（不可击飞）；击退时长 a0=30、a1=28 → 长击退；取 3（长击退不可击飞）
敌人-ArmsArius素体,终结者？,天网.xml,510,诺亚后期,7,3,5,1,1.6,8,4.4,4,4,2,2（跨档可取 1.5）,40~60,9,12,低级boss,中级boss-,1.3,1.3,1.5,2,0.5,0.6,0.33%,防御min 0.79%（面板 44／复算 44.348）,6.56%,防御min 12.66%（面板 44／复算 49.569）,,攻速系数、攻击倍率、段数系数,前摇 3.68 帧 + 后摇 16.5 帧×0.2 = 6.98 帧，对放宽 1.20 倍的档位门槛 → 攻速 5（极快）；3 招没找到 动画完毕 调用，后摇退回段尾折算；霸体：击倒/倒地 没凑齐击飞逻辑（不可击飞）；击退时长 a0=1、a1=1、长枪0=1、长枪1=1、手枪0=1、手枪1=1、手枪20=1、手枪21=1、双枪0=1、双枪1=1、手雷0=1、手雷1=1、兵器0=1、兵器1=1 → 短击退；取 4（短击退不可击飞）
敌人-ArmsArius,ARIUS,天网.xml,556,诺亚后期,7,3,5,1,1.6,8,4.3,4,4,2,2（跨档可取 1.5）,40~60,11,13,中级boss-,中级boss,1.2,1.2,1,1.4,4,5.1,0.03%,空手MAX 0.07%（面板 714／复算 714.487）,3.84%,防御min 6.59%（面板 581／复算 619.276）,,攻速系数、攻击倍率、段数系数,前摇 4.11 帧 + 后摇 12.39 帧×0.2 = 6.59 帧，对放宽 1.20 倍的档位门槛 → 攻速 5（极快）；2 招没找到 动画完毕 调用，后摇退回段尾折算；霸体：击倒/倒地 没凑齐击飞逻辑（不可击飞）；击退时长 a0=1、a1=1、长枪0=1、长枪1=1、手枪0=1、手枪1=1、手枪20=1、手枪21=1、双枪0=1、双枪1=1、手雷0=1、手雷1=1、兵器0=1、兵器1=1 → 短击退；取 4（短击退不可击飞）
敌人-Serpent,Serpent,天网.xml,602,诺亚后期,7,3,3,1,1,8,8,4,4,2,2（跨档可取 1.5）,40~60,18,18,顶级boss-,顶级boss-,2,2,1,1,3,3,0.05%,防御min 0.1%（面板 455／复算 454.566）,0.05%,防御min 0.1%（面板 455／复算 454.566）,,,攻速系数 没有实测证据，沿用人工 3；攻击倍率 没有实测证据，沿用人工 1；段数系数 没有实测证据，沿用人工 8；霸体系数 没有实测证据，沿用人工 4；没有可用招式，不给候选值
敌人-美洲狮异形,美洲狮异形,换皮敌人与战宠.xml,1105,主线完结,9,3,5,2,1.7,3,4,1,1,3,3（跨档可取 2.5）,60~85,2,2.5,大型小怪,低级精英-,1,1,1.2,1.4,1.2,1.3,0.42%,防御min 0.95%（面板 105／复算 104）,3.21%,HPmin 5.72%（面板 3350／复算 3541.67）,,攻速系数、攻击倍率、段数系数,前摇 6.29 帧 + 后摇 8.71 帧×0.2 = 8.03 帧，对放宽 1.20 倍的档位门槛 → 攻速 5（极快）；3 招没找到 动画完毕 调用，后摇退回段尾折算；霸体：击倒/倒地 各有击飞逻辑（2 处证据）；击退时长 a0=14、a1=14 → 长击退；取 1（长击退可击飞）
敌人-徘徊者异形,徘徊者异形,换皮敌人与战宠.xml,1150,主线完结,9,3,5,2,1.6,4,5.2,1,1,3,3,65~90,4,4.5,中级精英-,中级精英-,1,1,1.2,1.4,1.2,1.3,0.57%,HPmin 1.24%（面板 7000／复算 7086.78）,3.62%,HPmax 7.24%（面板 21000／复算 19479.027）,,攻速系数、攻击倍率、段数系数,前摇 10 帧 + 后摇 3.5 帧×0.2 = 10.7 帧，对放宽 1.20 倍的档位门槛 → 攻速 5（极快）；3 招没找到 动画完毕 调用，后摇退回段尾折算；霸体：击倒/倒地 各有击飞逻辑（2 处证据）；击退时长 a0=14、a1=14 → 长击退；取 1（长击退可击飞）
敌人-吐酸者异形,吐酸者异形,换皮敌人与战宠.xml,1196,主线完结,9,3,5,2,2,4,4,1,1,3,3,65~90,4,4.5,中级精英-,中级精英-,1,1,1.2,1.4,1.2,1.3,0.57%,HPmin 1.24%（面板 7000／复算 7086.78）,5.86%,空手MIN 8.02%（面板 93／复算 85.54）,,攻速系数,前摇 3.6 帧 + 后摇 6.2 帧×0.2 = 4.84 帧，对放宽 1.20 倍的档位门槛 → 攻速 5（极快）；2 招没找到 动画完毕 调用，后摇退回段尾折算；霸体：击倒/倒地 各有击飞逻辑（2 处证据）；击退时长 a0=14、a1=14 → 长击退；取 1（长击退可击飞）
敌人-齐天大圣,齐天大圣,彩蛋支线.xml,680,主线后,15,1,3,1,4.3,2,4.5,3,4.5,1,1,35~40,25,81,顶级boss+,顶级boss+,2,2.2,1,2.7,1.25,1.3,9.44%,空手MIN 12.81%（面板 1900／复算 2143.4）,3.41%,防御max 4.8%（面板 1380／复算 1313.723）,档次 81 高于参考区间上限 25：面板比这档次该有的强度还高,攻速系数、攻击倍率、段数系数、霸体系数,前摇 19.7 帧 + 后摇 24.9 帧×0.2 = 24.68 帧，对放宽 1.20 倍的档位门槛 → 攻速 3（中等）；5 招没找到 动画完毕 调用，后摇退回段尾折算；倍率 4.3 超出 D13 常用上限 3；霸体：击倒/倒地 没凑齐击飞逻辑（不可击飞）；击退时长 a0=7 → 短击退；取 4（短击退不可击飞）＋韧性 100 按 Excel H34 加 0.5 = 4.5；档次系数 81 高于参考区间上限 25：面板比顶级 boss 还强，阶段或档次归属可疑（搜索网格无此上限，这是实算值）
