模板,别名,数据文件,标识行,主线进度,档次描述,阶段,档次系数,成长系数,攻速系数,攻击倍率,段数系数,速度系数,高攻低血防系数,霸体系数,高防低血系数
敌人-盗贼小飞机,望风鸢,盗贼新单位.xml,27,废城,中型小怪,1,1.5,0.8,3,1,1,1,0.5,1,1.3
敌人-裸体兽化僵尸1,裸体兽化僵尸,原版敌人 2011-2012.xml,531,废城,大型小怪,1,2,1,1,1,1,3,1,1,1
敌人-兽化僵尸1,兽化僵尸,原版敌人 2011-2012.xml,479,废城,大型小怪,1,2,1,1,1,1,3,1,1,1
敌人-兽化变种,兽化变种僵尸,僵尸新敌人.xml,146,盗贼,中级精英,2,5,1,2,2,4,2,2,1,0.9
敌人-巨臂僵尸,巨臂僵尸,僵尸新敌人.xml,186,盗贼,高级精英,2,8,1,1.5,1,3,1,0.8,1.1,1
敌人-黑铁派学员,黑铁会派学生,大学.xml,64,总堂前期,低级精英,4,3,1,4,1.5,2.5,2,1,1,2.5
敌人-军阀派学员,军阀派学生,大学.xml,100,总堂前期,低级精英,4,3,1,4,1.5,2.5,2,1,1,2.5
敌人-诺亚虔信者,诺亚虔信者,大学.xml,136,总堂前期,低级精英,4,3,1,4,1.5,2.5,2,1,1,2.5
敌人-大学军校生,大学军校生,大学.xml,208,总堂前期,中级精英,4,5,1,4,1.5,2.5,2,1,4,2.5
敌人-剑道社社员,剑道社社员,大学.xml,172,总堂前期,中级精英,4,5,1,4,1.5,2.5,2,1,4,2.5
敌人-诺亚圣战军,诺亚圣战军,大学.xml,244,总堂前期,中级精英,4,5,1,4,1.5,2.5,2,1,4,2.5
敌人-爆胖僵尸,爆胖僵尸,僵尸新敌人.xml,284,总堂前期,中级精英,4,5,1,1,1.5,3,1,1,1,0.5
敌人-触手僵尸,触手僵尸,僵尸新敌人.xml,232,总堂前期,中级精英,4,5,1,2.5,1.5,3,2,1,1,1
敌人-飞刀小子,翅虎,原版敌人 2013-2016.xml,164,总堂前期,低级boss,4,9,1.2,3,1,8,3,0.9,3,2
敌人-体育老师,体育老师,大学.xml,28,总堂前期,中级boss-,4,12,1,5,1.5,2.5,2.5,1,4,2.5
敌人-摇滚公园贝斯,贝斯,堕落城新人物.xml,29,总堂前期,中级boss,4,13,1.5,1.5,2,3,2,1.2,2.3,1.5
敌人-骨刺僵尸,骨刺僵尸,下水道.xml,379,总堂前期,高级boss,4,16,2,2,2,5,1,1.1,3,1.3
敌人-闪流步兵,闪流步兵,军阀新人物.xml,147,诺亚前期,高级精英,6,8,1,3,2,2.5,1,1,2,1.2
敌人-ArmsArchai,ARCHAI,天网.xml,418,诺亚后期,大型小怪,7,2,0.9,1,0.5,10,1,1.5,3,1.5
敌人-ArmsMalakim,MALAKIM,天网.xml,464,诺亚后期,大型小怪,7,2,0.8,1,0.5,8,1,0.5,3,3
敌人-ArmsArius素体,终结者？,天网.xml,510,诺亚后期,低级boss,7,9,1.3,3,1,8,2,1.5,4,0.5
敌人-ArmsArius,ARIUS,天网.xml,556,诺亚后期,中级boss-,7,11,1.2,3,1,8,2,1,4,4
敌人-Serpent,Serpent,天网.xml,602,诺亚后期,顶级boss-,7,18,2,3,1,8,2,1,4,3
敌人-美洲狮异形,美洲狮异形,换皮敌人与战宠.xml,1105,主线完结,大型小怪,9,2,1,3,2,3,3,1.2,1,1.2
敌人-徘徊者异形,徘徊者异形,换皮敌人与战宠.xml,1150,主线完结,中级精英-,9,4,1,3,2,4,3,1.2,1,1.2
敌人-吐酸者异形,吐酸者异形,换皮敌人与战宠.xml,1196,主线完结,中级精英-,9,4,1,3,2,4,3,1.2,1,1.2
敌人-齐天大圣,齐天大圣,彩蛋支线.xml,680,主线后,顶级boss+,15,25,2,1,1,2,1,1,3,1.25
