模板,别名,主线进度,档次描述,阶段,档次系数,成长系数,攻速系数,攻击倍率,段数系数,速度系数,高攻低血防系数,霸体系数,高防低血系数,超出范围,误差值
敌人-日本特战,小日本特种兵,废城,小型小怪-,1,0.3,1,3,0.9,2.5,1,0.7,1,0.1,档次系数 0.3（参考 1~25）,24.2%
敌人-小日本小兵,小日本杂兵,废城,小型小怪-,1,0.3,1,2,1,2.8,1,0.7,1,0.1,档次系数 0.3（参考 1~25）,24.2%
敌人-日本军官,小日本少佐,废城,小型小怪-,1,0.4,1,3,1,3,1,0.9,1,0.1,档次系数 0.4（参考 1~25）,19.8%
敌人-光头军人僵尸1,光头军人僵尸,废城,中型小怪,1,1.5,1.1,4,1,2,1,1.2,1,1.7,,7%
敌人-黄色衣服男僵尸1,黄衣僵尸,废城,中型小怪,1,1.5,1.3,4,1,2,1,1.5,1,1.4,,4.6%
敌人-金发红衣服女僵尸1,红衣僵尸,废城,中型小怪,1,1.5,1.5,4,1,2,1,1.6,1,1.4,,7.4%
敌人-金发女僵尸1,金发女僵尸,废城,中型小怪,1,1.5,1.5,4,1,2,1,1.6,1,1.4,,7.4%
敌人-帽子瘦僵尸1,狂暴僵尸,废城,中型小怪,1,1.5,1.3,4,1,2,1,1.5,1,1.4,,4.6%
敌人-士兵奔跑僵尸1,狂躁僵尸,废城,中型小怪,1,1.5,1.2,4,1,2,2,1.2,1,1.7,,9.2%
敌人-小儿麻痹僵尸1,小儿麻痹僵尸,废城,中型小怪,1,1.5,1,4,1,2,1,1.2,1,2,,7%
敌人-眼镜僵尸1,眼镜僵尸,废城,中型小怪,1,1.5,1.3,4,1,2,1,1.5,1,1.4,,4.6%
敌人-胖僵尸1,胖僵尸,废城,大型小怪,1,2,1,4,1,2,1,1.1,1,1.8,,10.4%
敌人-裸体兽化僵尸1,裸体兽化僵尸,废城,低级精英,1,3,1.3,4,1,2,3,1.8,1,1.3,,4.7%
敌人-防爆服僵尸,防暴僵尸,废城,低级精英+,1,3.5,0.7,4,1,1.4,1,1,1.1,5.6,,15.6%
敌人-兽化僵尸1,兽化僵尸,废城,低级精英+,1,3.5,1.5,5,1,2,3,2,1,1.6,,6.8%
敌人-特警僵尸,特战僵尸,废城,高级精英,1,8,0.8,3,1.3,1.8,1,1.5,1,4.2,,5%
敌人-boss大僵尸,巨型僵尸,废城,中级boss,1,13,1,3,1.8,3.8,1,1.9,1,4.2,,7.1%
敌人-蛇形异形幼虫,破胸虫,盗贼,小型小怪-,2,0.3,0.7,5,1,2,1,1.4,1,0.1,档次系数 0.3（参考 1~25）,33.3%
敌人-蜘蛛形异形幼虫,抱面虫,盗贼,小型小怪-,2,0.3,0.7,4,1,2,1,1.4,1,0.1,档次系数 0.3（参考 1~25）,33.2%
敌人-辫子姑娘,战斗少女,盗贼,小型小怪-,2,0.4,1,3,1,4.9,1,1.2,1,0.2,档次系数 0.4（参考 1~25）,16.2%
敌人-盗贼瘦子,杀手,盗贼,小型小怪-,2,0.4,1,4,1,6.4,1,1.5,1,0.1,档次系数 0.4（参考 1~25）,31.2%
敌人-狂野玫瑰马尾姑娘,街舞少女,盗贼,小型小怪-,2,0.4,1,3,1,3.3,1,1.1,1,0.2,档次系数 0.4（参考 1~25）,13.8%
敌人-黑色异形兵1,信使异形,盗贼,小型小怪-,2,0.6,0.7,4,1,2.3,2,1.5,1,0.1,档次系数 0.6（参考 1~25）,25.8%
敌人-蓝色异形兵1,兵蜂异形,盗贼,小型小怪-,2,0.7,0.7,4,1,2.3,2,1.9,1,0.1,档次系数 0.7（参考 1~25）,28%
敌人-肉色异形兵1,斥候异形,盗贼,小型小怪-,2,0.7,0.7,4,1,2.5,3,1.5,1,0.1,档次系数 0.7（参考 1~25）,27%
敌人-盗贼枪手,左轮,盗贼,小型小怪-,2,0.8,1.2,3,3.7,4.3,1,2.2,1,0.3,档次系数 0.8（参考 1~25）；攻击倍率 3.7（参考 0.5~3）；高攻低血防系数 2.2（参考 0.5~2）,18.6%
敌人-盗贼侏儒,跳蚤,盗贼,小型小怪-,2,0.9,1.2,5,2.2,9.6,1,3.6,1,0.2,高攻低血防系数 3.6（参考 0.5~2）；档次系数 0.9（参考 1~25）,21.9%
敌人-盗贼小飞机,望风鸢,盗贼,小型小怪,2,1,0.8,4,1,2.5,1,0.6,3,1.5,,8.1%
敌人-铁血小飞机,铁血鹰,盗贼,小型小怪,2,1,0.6,5,1,10,1,1.1,3,0.4,,27.8%
敌人-终结者T800,终结者T800,盗贼,小型小怪,2,1,0.9,4,1,2,1,0.5,1,1.7,,20.2%
敌人-劫掠少女,掠夺少女,盗贼,中型小怪,2,1.5,0.8,3,1.2,7.5,1,1.4,1,1.1,,13.9%
敌人-黑铁会死士,黑铁死士,盗贼,中型小怪,2,1.5,1.5,3,1.5,4.3,1,3,1,0.4,高攻低血防系数 3（参考 0.5~2）,14.7%
敌人-精英战术少女,精英战术少女,盗贼,大型小怪,2,2,0.5,3,1.6,8.5,1,0.8,1,1.5,,7.3%
敌人-僵尸1-狗,野狗,盗贼,低级精英-,2,2.5,4.7,5,1,4,3,3.8,2,1.8,高攻低血防系数 3.8（参考 0.5~2）,17.7%
敌人-黄色铁血战士,驯鹰者铁血,盗贼,低级精英+,2,3.5,1,2,1.8,9.4,2,1,3,1.1,,22.9%
敌人-盗贼大叔,铁拳,盗贼,中级精英-,2,4,1.7,4,1.1,5,1,2.5,1,1.7,高攻低血防系数 2.5（参考 0.5~2）,4.5%
敌人-摇滚公园少女,键盘,盗贼,中级精英-,2,4,1,1,1.5,6.6,1,1.2,1,0.7,,19.9%
敌人-兽化变种,兽化变种僵尸,盗贼,中级精英,2,5,1,3,2,3.5,2,2.1,1,0.9,高攻低血防系数 2.1（参考 0.5~2）,4.7%
敌人-球形异形兵1,禁卫异形,盗贼,中级精英,2,5,0.7,4,1,5.4,1,0.7,1,2.4,,28.8%
敌人-白面肌肉男,白面肌肉男,盗贼,中级精英+,2,5.5,2,5,1.3,11.1,1,4.2,1,2.1,高攻低血防系数 4.2（参考 0.5~2）；段数系数 11.1（参考 1~10）,6%
敌人-灰面肌肉男,灰面肌肉男,盗贼,中级精英+,2,5.5,2,5,1.3,11.1,1,4.2,1,2.1,高攻低血防系数 4.2（参考 0.5~2）；段数系数 11.1（参考 1~10）,6%
敌人-唐头肌肉男,神秘肌肉男,盗贼,中级精英+,2,5.5,2,5,1.3,11.1,1,4.2,1,2.1,高攻低血防系数 4.2（参考 0.5~2）；段数系数 11.1（参考 1~10）,6%
敌人-摇滚公园御姐,主唱,盗贼,中级精英+,2,5.5,1.5,4,1.5,8.8,2,1.2,1,0.8,,13.8%
敌人-蓝色铁血战士,狩猎者铁血,盗贼,高级精英-,2,6.5,1.5,2,2.8,9.4,2,1.6,3,1.6,,20.4%
敌人-双喷少女,摇滚学姐,盗贼,高级精英-,2,7,1.2,3,2.9,8.9,3,1.3,1,2,,6%
敌人-刀狙少女,精锐掠夺少女,盗贼,高级精英-,2,7.5,0.6,4,1.7,3.3,2,2.8,1,3.2,高攻低血防系数 2.8（参考 0.5~2）,11.3%
敌人-黑铁死士精英,黑铁游侠,盗贼,高级精英-,2,7.5,1.2,3,1.3,4.9,3,2.5,1,3.3,高攻低血防系数 2.5（参考 0.5~2）,19.9%
敌人-红色铁血战士,狂战士铁血,盗贼,高级精英,2,8,2.5,2,2.8,9.5,2,2.1,3,1.9,高攻低血防系数 2.1（参考 0.5~2）,21.9%
敌人-巨臂僵尸,巨臂僵尸,盗贼,低级boss+,2,10,1,4,1,2.8,1,1,1,1.1,,3.1%
敌人-摇滚公园萝莉,吉他,盗贼,低级boss+,2,10,1.5,3,4.3,15,1,1.9,1,2.5,段数系数 15（参考 1~10）；攻击倍率 4.3（参考 0.5~3）,8.9%
敌人-异形女王,女王异形,盗贼,高级boss,2,16,2.2,3,1,6.8,2,0.7,3,1.6,,15.4%
敌人-二足型机器人,二足机器人,军阀,小型小怪-,3,0.5,0.5,5,0.6,1.7,2,0.8,1,1.5,档次系数 0.5（参考 1~25）,12.7%
敌人-军阀突击兵,军阀突击兵,军阀,小型小怪-,3,0.6,0.6,2,1.1,3.7,1,0.9,1,0.7,档次系数 0.6（参考 1~25）,17.5%
敌人-军阀狙击兵,狙击兵,军阀,小型小怪-,3,0.7,0.6,2,1.4,3,1,1,1,0.8,档次系数 0.7（参考 1~25）,19%
敌人-旧型号机器人,旧型号机器人,军阀,中型小怪,3,1.5,1,4,1.2,6.3,1,1.1,1,1,,5.6%
敌人-军阀弹药兵,军阀弹药兵,军阀,中型小怪,3,1.5,0.6,2,8.3,2,1,1.9,1,1.3,攻击倍率 8.3（参考 0.5~3）,19.5%
敌人-血鼠,血鼠,军阀,大型小怪,3,2,1.1,5,1.3,3,2,2,2,0.9,,4.8%
敌人-瘦骨男尸,瘦骨僵尸,军阀,低级精英,3,3,1.2,3,1.8,2.5,2,1.9,3,0.9,,2.8%
敌人-军阀将军,将军,军阀,低级精英,3,3,1.7,2,1.3,3.1,1,0.6,1,0.8,,14.7%
敌人-军阀重装兵,军阀重装兵,军阀,低级精英,3,3,0.9,2,0.8,5.5,1,1.1,1,1.9,,22.5%
敌人-军阀精英狙击兵,军阀精英狙击兵,军阀,中级精英,3,5,0.7,3,1.4,2.8,1,3,1,2,高攻低血防系数 3（参考 0.5~2）,12.4%
敌人-军阀精英弹药兵,军阀精英弹药兵,军阀,中级精英+,3,5.5,1.1,3,5.3,1.3,2,2.3,1,2,攻击倍率 5.3（参考 0.5~3）；高攻低血防系数 2.3（参考 0.5~2）,12.8%
敌人-军阀精英突击兵,军阀精英突击兵,军阀,中级精英+,3,6,0.7,3,0.7,7.9,1,2.3,1,3.3,高攻低血防系数 2.3（参考 0.5~2）,2.7%
敌人-异变盗贼,异变盗贼,军阀,中级精英+,3,6,1.2,3,1.5,7,2,1.4,2,1.2,,4.7%
敌人-Tomboy,Tomboy,军阀,低级boss,3,9,1.2,3,2.1,2.3,2,1.6,2,4,,16.8%
敌人-军阀精英重装兵,军阀精英重装兵,军阀,低级boss+,3,10,0.6,2,0.8,5.5,1,1.2,1.1,5.1,,6.1%
敌人-忍者BOSS,？？？,军阀,顶级boss+,3,21,1.5,4,1.8,9.4,3,1.2,5,2.2,,4%
敌人-黑铁会刺客,黑铁刺客,总堂前期,大型小怪,4,2,1.9,3,2,5.6,3,2.5,1,0.8,高攻低血防系数 2.5（参考 0.5~2）,7.9%
敌人-黑铁会大叔,黑铁大叔,总堂前期,低级精英-,4,2.5,1.2,2,1.6,2.6,1,1.8,1,0.9,,9.1%
敌人-黑铁精英流锤兵,黑铁流锤,总堂前期,中级精英-,4,4,1,4,1.1,4,1,2.8,1,2.4,高攻低血防系数 2.8（参考 0.5~2）,10.6%
敌人-触手僵尸,触手僵尸,总堂前期,中级精英,4,5,1,3,1.5,2.3,2,1,1,1,,2.2%
敌人-黑白无常,浮士德兄弟,总堂前期,中级精英,4,5,0.6,4,0.9,12.1,2,0.5,3,1.5,段数系数 12.1（参考 1~10）,10.1%
敌人-粉红头发御姐,火凤,总堂前期,中级精英+,4,6,1.5,4,1.2,6.2,2,1.4,1,0.8,,12.3%
敌人-Codex黑仔,黑仔,总堂前期,高级精英-,4,6.5,2.2,5,1,5.3,2,1.1,2,2.7,,3.2%
敌人-爆胖僵尸,爆胖僵尸,总堂前期,高级精英-,4,7,1,3,1.5,5.3,1,1.4,1,0.6,,4.1%
敌人-牛仔boss,牛仔,总堂前期,高级精英-,4,7,0.7,4,1.3,11.3,2,0.8,1,1.3,段数系数 11.3（参考 1~10）,9.1%
敌人-飞刀小子,翅虎,总堂前期,低级boss,4,9,1.2,4,1,6.5,3,0.9,1,2,,2.9%
敌人-硬化僵尸,硬化僵尸,总堂前期,中级boss,4,13,1.2,4,1.1,7.7,1,1.1,3,4,,11.1%
敌人-摇滚公园贝斯,贝斯,总堂前期,中级boss+,4,14,1.5,3,1.7,3.4,2,1.3,3.1,1.5,,5%
敌人-体育老师,体育老师,总堂前期,高级boss-,4,15,1.2,5,1.6,4.2,3,1.3,3,3.2,,5.7%
敌人-李小龙,Lee,总堂前期,高级boss+,4,17,1.7,4,3,3.9,3,2.2,3,2.8,高攻低血防系数 2.2（参考 0.5~2）,5.5%
敌人-武士铁血战士,武士铁血,总堂前期,顶级boss+,4,27,1.5,4,3,15.8,3,1.9,5,2.8,段数系数 15.8（参考 1~10）；档次系数 27（参考 1~25）,15.8%
敌人-黑铁长枪兵,黑铁枪兵,总堂后期,大型小怪,5,2,1,4,1.3,4.4,2,1.6,1,0.8,,5.8%
敌人-变异犬,蛆狗,总堂后期,低级精英,5,3,1,3,1.2,4.7,2,1.6,3,0.8,,2.7%
敌人-黑铁弓箭手,黑铁弓手,总堂后期,中级精英-,5,4,1.2,3,2.8,2.5,1,2.2,1,1.1,高攻低血防系数 2.2（参考 0.5~2）,4.9%
敌人-人面蛛,人面蛛,总堂后期,中级精英-,5,4,1.1,5,2,5,2,3.8,2,1.1,高攻低血防系数 3.8（参考 0.5~2）,3.1%
敌人-杰克霜精,杰克霜精,总堂后期,中级精英-,5,4.5,0.8,4,1,4.2,2,2.2,1,2.4,高攻低血防系数 2.2（参考 0.5~2）,15.4%
敌人-黑铁武士,黑铁武士,总堂后期,中级精英,5,5,1.2,5,1.3,2.7,2,2.3,1,1,高攻低血防系数 2.3（参考 0.5~2）,20.6%
敌人-防护服士兵,清道夫,总堂后期,高级精英-,5,6.5,1,3,1.7,5.8,1,1.2,1,2.1,,3.9%
敌人-Gazer,Gazer,总堂后期,低级boss+,5,9.5,1,3,2.1,4.5,2,1.1,3,1.9,,13.4%
敌人-奇美拉I型,奇美拉I型,总堂后期,低级boss+,5,10,0.9,5,1,3.9,3,1.3,3.2,6.3,,4.5%
敌人-黑铁重锤,黑铁重锤,总堂后期,低级boss+,5,10,1.5,4,4.2,2,1,1.5,1.5,6.9,攻击倍率 4.2（参考 0.5~3）,4.3%
敌人-Surveyor,Surveyor,总堂后期,中级boss-,5,11,2.2,4,2,8.9,1,1.3,3,1.4,,20.2%
敌人-铠甲勇士,黑龙,总堂后期,中级boss-,5,11,1.1,3,3.8,3.5,1,1.4,5,6.3,攻击倍率 3.8（参考 0.5~3）,12.2%
敌人-奇美拉II型,奇美拉II型,总堂后期,中级boss-,5,12,0.7,5,1,3.7,3,1.6,3.2,6.9,,13.6%
敌人-Itinerant,Itinerant,总堂后期,中级boss-,5,12,1,4,2.2,4.3,2,1.2,3,2.2,,19.4%
敌人-高级防护服士兵,A级清道夫,总堂后期,中级boss-,5,12,1,3,1.7,5.8,1,1.2,2.1,2.2,,4.8%
敌人-邪恶霜精,邪恶霜精,总堂后期,中级boss,5,13,1,5,1,3.9,2,1,3.2,4.4,,15.8%
敌人-鳄嘴兽人,鳄嘴兽人,总堂后期,中级boss,5,13,0.9,4,2.6,3.8,2,2,1,3,,8.9%
敌人-铠甲勇士战马形态,黑龙（战马）,总堂后期,中级boss,5,13,1.1,4,2,12.2,3,1.5,5,6.3,段数系数 12.2（参考 1~10）,9.7%
敌人-独狼,独狼铁血,总堂后期,顶级boss-,5,18,1.5,4,4.4,5.8,3,2,3,3.2,攻击倍率 4.4（参考 0.5~3）,13.5%
敌人-骨刺僵尸,骨刺僵尸,总堂后期,顶级boss-,5,18,2.2,4,1.5,11.8,1,1.4,3.1,1.4,段数系数 11.8（参考 1~10）,3.8%
敌人-唐装剑侠,黑铁,总堂后期,顶级boss+,5,27,1.7,4,2,10.6,3,1.3,5,2.2,档次系数 27（参考 1~25）；段数系数 10.6（参考 1~10）,2.5%
敌人-普通僵尸蛆,僵尸蛆,诺亚前期,小型小怪-,6,0.7,0.7,4,1,2,1,1.4,1,1.1,档次系数 0.7（参考 1~25）,11.2%
敌人-普通改造僵尸,普通改造僵尸,诺亚前期,小型小怪-,6,0.9,0.7,3,0.9,3.4,1,1,1,0.8,档次系数 0.9（参考 1~25）,16.8%
敌人-兽化改造僵尸,兽化改造僵尸,诺亚前期,小型小怪,6,1,0.9,3,0.8,3.3,2,1.3,1,0.5,,6.9%
敌人-军阀派学员,军阀派学生,诺亚前期,大型小怪,6,2,1,4,1,4,2,0.9,2,2.4,,8%
敌人-波斯步兵,波斯步兵,诺亚前期,大型小怪,6,2,0.8,2,0.8,2.5,1,0.7,1,1.1,,10.2%
敌人-波斯弓兵,波斯弓兵,诺亚前期,大型小怪,6,2,0.8,2,0.8,2,1,0.6,1,1.1,,12.8%
敌人-黑铁派学员,黑铁会派学生,诺亚前期,低级精英-,6,2.5,1.1,5,1,6.3,2,1.1,2,2.7,,6%
敌人-大学军校生,大学军校生,诺亚前期,低级精英,6,3,1,4,1,4,2,0.8,4,2.2,,8.7%
敌人-诺亚虔信者,诺亚虔信者,诺亚前期,低级精英,6,3,1.2,4,2,4.3,2,1.3,3,3,,6.2%
敌人-诺亚圣战军,诺亚圣战军,诺亚前期,低级精英,6,3,1,5,1.5,1,2,0.9,4,2.2,,6.6%
敌人-普通爆炸僵尸,爆炸僵尸,诺亚前期,低级精英,6,3,0.7,3,1.8,4.3,1,1.8,1,1.1,,17.2%
敌人-重型改造僵尸,重型改造僵尸,诺亚前期,低级精英,6,3,1,4,1.3,4,1,1.4,2,2.5,,6%
敌人-不死亲卫队,不死亲卫队,诺亚前期,低级精英+,6,3.5,0.7,2,0.8,3.5,2,1.1,1,1.9,,8.9%
敌人-剑道社社员,剑道社社员,诺亚前期,中级精英-,6,4,1,5,1,6.3,2,1.1,4,2.5,,3.3%
敌人-蛙型仿生僵尸,蛙型仿生僵尸,诺亚前期,中级精英-,6,4,0.8,4,1.2,4,2,2.3,1,2.5,高攻低血防系数 2.3（参考 0.5~2）,15.1%
敌人-不死兽人,不死兽人,诺亚前期,中级精英-,6,4,0.8,2,0.8,2.5,1,1,3,3.6,,13.4%
敌人-闪6特工,克隆人,诺亚前期,高级精英-,6,6.5,1,5,1,8.1,3,3.2,2,3,高攻低血防系数 3.2（参考 0.5~2）,11.8%
敌人-诺亚克隆兽,克隆兽,诺亚前期,高级精英-,6,7.5,1,4,1,3.7,2,1.8,1,5.6,,6.9%
敌人-诺艾尔,诺艾尔,诺亚前期,低级boss,6,9,3,4,1.2,5.3,2,2.4,3,2.2,高攻低血防系数 2.4（参考 0.5~2）,38.9%
敌人-玩具机器人,玩具机器人,诺亚前期,低级boss+,6,10,0.7,5,2.7,8.2,1,1.2,1,2.7,,8%
敌人-闪流步兵,闪流步兵,诺亚前期,低级boss+,6,10,1,4,3.4,2.3,1,1.4,4,1.4,攻击倍率 3.4（参考 0.5~3）,2.3%
敌人-黑铁会改造人,诺亚试验体α,诺亚前期,中级boss-,6,11,1,5,1.5,4.2,3,1.1,3.5,3.6,,3.5%
敌人-不明士兵,侦察队员,诺亚前期,中级boss-,6,12,1,4,3.2,6.5,2,2.1,1,2,攻击倍率 3.2（参考 0.5~3）；高攻低血防系数 2.1（参考 0.5~2）,10.3%
敌人-Lady,Lady,诺亚前期,中级boss,6,13,1,4,7.5,4.9,3,1.4,1,0.7,攻击倍率 7.5（参考 0.5~3）,2%
敌人-方舟爪豪,方舟爪豪,诺亚前期,中级boss,6,13,1,4,1.7,4.1,3,0.7,3,4,,21.2%
敌人-斯巴达战士,斯巴达勇士,诺亚前期,顶级boss-,6,18,1.2,4,1,4.3,2,0.5,3,3.2,,20.7%
敌人-92式终结者,装甲恶灵,诺亚前期,顶级boss+,6,24,2.5,3,2.9,7.8,2,1.1,5,2.3,,9.5%
敌人-普通基因虫,基因虫,诺亚后期,小型小怪,7,1,0.6,4,1,4,1,1.8,1,1.3,,6.7%
敌人-方舟白虎兵,方舟克隆白虎,诺亚后期,大型小怪,7,2,0.7,4,1,6.5,1,1,5,2.4,,11.2%
敌人-普通尸母,尸母,诺亚后期,大型小怪,7,2,0.8,2,0.8,2.9,1,0.8,1,0.6,,18.3%
敌人-诺亚狙击兵,布道者,诺亚后期,低级精英,7,3,0.5,3,1.3,4.6,1,2.5,2,2.2,高攻低血防系数 2.5（参考 0.5~2）,15.3%
敌人-诺亚突击兵,忏悔者,诺亚后期,低级精英,7,3,0.5,3,1,5.2,1,2.2,2,2.2,高攻低血防系数 2.2（参考 0.5~2）,10%
敌人-火柴人剑士,火柴人剑士,诺亚后期,低级精英+,7,3.5,0.8,4,1.2,3.7,2,2.2,3,2.5,高攻低血防系数 2.2（参考 0.5~2）,14.5%
敌人-EXUSIAI素体,EXUSIAI素体,诺亚后期,低级精英+,7,3.5,0.8,5,1.2,3.3,1,1.1,1,4.8,,9.5%
敌人-A兵团改造人,A兵团改造人,诺亚后期,中级精英-,7,4.5,1,5,1,2,2,1.4,3,1.5,,24.3%
敌人-ArmsArchai,ARCHAI,诺亚后期,中级精英+,7,6,1.2,3,3.9,3.7,1,4,3,2.4,高攻低血防系数 4（参考 0.5~2）；攻击倍率 3.9（参考 0.5~3）,8%
敌人-ArmsMalakim,MALAKIM,诺亚后期,中级精英+,7,6,1,1,4.4,4.7,1,1.2,3,5.1,攻击倍率 4.4（参考 0.5~3）,6.3%
敌人-王牌霜精,王牌霜精,诺亚后期,高级精英-,7,7.5,0.8,3,1.7,6.2,2,1.7,4,1.6,,13.8%
敌人-霜精之王,霜精之王,诺亚后期,高级精英,7,8,1,1,0.9,6.5,1,0.5,3.2,2.4,,20.7%
敌人-EXUSIAI支援型,EXUSIAI支援型,诺亚后期,高级精英,7,8,0.8,5,5.1,2.8,1,1.9,1,7.3,攻击倍率 5.1（参考 0.5~3）,9.9%
敌人-诺亚重装兵,卫道士,诺亚后期,低级boss,7,9,0.6,3,1.4,6.5,1,1.4,3.2,7.7,,11.8%
敌人-EXUSIAI突击型,EXUSIAI突击型,诺亚后期,低级boss,7,9,1,5,2.7,4.7,2,1.4,1,6.9,,7.7%
敌人-ArmsArius素体,终结者？,诺亚后期,中级boss-,7,12,1.3,5,1.6,4.4,2,2,4,0.6,,6.6%
敌人-ArmsArius,ARIUS,诺亚后期,中级boss,7,13,1.2,5,1.6,4.3,2,1.4,4,5.1,,3.8%
敌人-圣诞白忍,！！！,诺亚后期,顶级boss-,7,19,1,5,2.3,22.1,3,2.1,5,0.9,段数系数 22.1（参考 1~10）；高攻低血防系数 2.1（参考 0.5~2）,9.7%
敌人-诺亚地狱三头犬,刻耳柏洛斯,诺亚后期,顶级boss,7,20,0.9,3,2,5.9,2,0.8,4.2,0.8,,8.6%
敌人-方舟兽王,方舟兽王,诺亚后期,顶级boss,7,20,1,4,1.5,4.9,3,1.1,5,1.7,,4.9%
敌人-方舟兽王虎,方舟兽王兽形,诺亚后期,顶级boss+,7,21,1,4,1.6,3.3,3,1,5,1.3,,2.5%
敌人-方舟收割者,Ark Reaper,诺亚后期,顶级boss+,7,25,0.8,5,2.2,4.9,3,1.1,3,2,,7.6%
敌人-dude,dude,诺亚后期,顶级boss+,7,29,0.7,5,1.7,1.5,3,1,4,2.7,档次系数 29（参考 1~25）,12.7%
敌人-方舟无人机,方舟无人机,雪山,小型小怪-,8,0.3,0.6,3,0.9,3.2,1,0.8,1,0.6,档次系数 0.3（参考 1~25）,21.4%
敌人-方舟卫士,方舟卫士,雪山,小型小怪-,8,0.5,0.6,2,0.9,5,1,0.9,1,0.7,档次系数 0.5（参考 1~25）,14.1%
敌人-渗透者,渗透者,雪山,小型小怪-,8,0.5,0.6,3,0.9,3.3,1,0.7,5,0.6,档次系数 0.5（参考 1~25）,15.2%
敌人-方舟护士,方舟护士,雪山,大型小怪,8,2,0.9,2,20.1,2.7,1,2.8,1,1.7,攻击倍率 20.1（参考 0.5~3）；高攻低血防系数 2.8（参考 0.5~2）,18.4%
敌人-方舟巨人,方舟巨人,雪山,低级精英,8,3,0.8,4,1,6.2,2,0.6,5,0.5,,20.5%
敌人-EXUSIAI指挥官,EXUSIAI指挥官,雪山,顶级boss+,8,36,1.1,4,10,7.7,3,3.1,1,11.3,攻击倍率 10（参考 0.5~3）；高攻低血防系数 3.1（参考 0.5~2）；档次系数 36（参考 1~25）；高防低血系数 11.3（参考 0.1~10）,7.4%
敌人-武士大僵尸,克隆僵尸武士,主线完结,小型小怪-,9,0.9,0.8,3,1,2.5,1,0.8,1,0.4,档次系数 0.9（参考 1~25）,13.3%
敌人-方舟巨人兵,方舟克隆巨人,主线完结,中型小怪,9,1.5,0.7,4,1,6.2,1,0.9,5,0.7,,13.8%
敌人-忍者兵,方舟克隆忍者,主线完结,中型小怪,9,1.5,0.9,4,1,6.6,1,1.5,5,1.4,,10.9%
敌人-软化僵尸,克隆软化僵尸,主线完结,中型小怪,9,1.5,0.8,4,1,7.7,1,0.6,3,2,,14%
敌人-美洲狮异形,美洲狮异形,主线完结,低级精英-,9,2.5,1,5,1.7,4,3,1.4,1,1.3,,3.2%
敌人-徘徊者异形,徘徊者异形,主线完结,中级精英-,9,4.5,1,5,1.6,5.2,3,1.3,1,1.3,,4.6%
敌人-吐酸者异形,吐酸者异形,主线完结,中级精英,9,5,1,5,2,4,3,1.5,1,1.3,,5%
敌人-原体融合生物,原体融合生物,主线完结,顶级boss,9,20,2.2,4,2.5,4.7,2,0.6,3,1.6,,5.4%
敌人-拼命之王,拼命之王,主线后,顶级boss+,10,30,1.2,5,3.9,4,3,1.9,3.5,4.4,攻击倍率 3.9（参考 0.5~3）；档次系数 30（参考 1~25）,17%
敌人-人修罗,混沌王,主线后,顶级boss+,15,32,2.5,3,1.3,11,2,1.9,3,1.1,档次系数 32（参考 1~25）；段数系数 11（参考 1~10）,20.2%
敌人-齐天大圣,齐天大圣,主线后,顶级boss+,15,81,2.2,3,4.3,4.5,1,2.7,4.5,1.3,档次系数 81（参考 1~25）；攻击倍率 4.3（参考 0.5~3）；高攻低血防系数 2.7（参考 0.5~2）,3.4%
