模板,别名,数据文件,阶段,主线进度,档次系数,档次描述,档次来源,误差值,最差项,面板值,复算值,该项偏差,经验偏差,偏差在哪
敌人-诺艾尔,诺艾尔,彩蛋支线.xml,6,诺亚前期,9,低级boss,拟合,38.9%,HPmax,80000,15252.25,80.9%,经验max 面板 80000/复算 8379.43（89.5%）；经验min 面板 2000/复算 495.75（75.2%）,HPmax 复算偏低
敌人-蛇形异形幼虫,破胸虫,原版敌人 2011-2012.xml,2,盗贼,0.3,小型小怪-,拟合,33.3%,防御max,150,222.53,48.4%,经验min 面板 18/复算 8.02（55.4%）；经验max 面板 195/复算 103.81（46.8%）,档次系数 0.3 低于参考区间下限 1：面板比最小怪还弱，阶段或档次归属可疑；防御max 复算偏高
敌人-蜘蛛形异形幼虫,抱面虫,原版敌人 2011-2012.xml,2,盗贼,0.3,小型小怪-,拟合,33.2%,防御max,150,222.53,48.4%,经验min 面板 18/复算 8.02（55.4%）；经验max 面板 195/复算 103.81（46.8%）,档次系数 0.3 低于参考区间下限 1：面板比最小怪还弱，阶段或档次归属可疑；防御max 复算偏高
敌人-盗贼瘦子,杀手,原版敌人 2011-2012.xml,2,盗贼,0.4,小型小怪-,拟合,31.2%,HPmax,1000,1533.47,53.3%,经验min 面板 23/复算 9.2（60%）；经验max 面板 200/复算 110.29（44.9%）,档次系数 0.4 低于参考区间下限 1：面板比最小怪还弱，阶段或档次归属可疑；HPmax 复算偏高
敌人-球形异形兵1,禁卫异形,原版敌人 2011-2012.xml,2,盗贼,5,中级精英,拟合,28.8%,空手MAX,300,109.17,63.6%,经验min 面板 78/复算 234.78（201%）；经验max 面板 550/复算 845.82（53.8%）,空手MAX 复算偏低
敌人-蓝色异形兵1,兵蜂异形,原版敌人 2011-2012.xml,2,盗贼,0.7,小型小怪-,拟合,28%,空手MAX,200,116.77,41.6%,经验max 面板 410/复算 128.61（68.6%）；经验min 面板 56/复算 22.18（60.4%）,档次系数 0.7 低于参考区间下限 1：面板比最小怪还弱，阶段或档次归属可疑；空手MAX 复算偏低
敌人-铁血小飞机,铁血鹰,原版敌人 2011-2012.xml,2,盗贼,1,小型小怪,拟合,27.8%,防御max,180,269.49,49.7%,经验max 面板 340/复算 151.89（55.3%）；经验min 面板 45/复算 36.44（19%）,防御max 复算偏高
敌人-肉色异形兵1,斥候异形,原版敌人 2011-2012.xml,2,盗贼,0.7,小型小怪-,拟合,27%,空手MAX,150,92.85,38.1%,经验max 面板 410/复算 128.61（68.6%）；经验min 面板 56/复算 22.18（60.4%）,档次系数 0.7 低于参考区间下限 1：面板比最小怪还弱，阶段或档次归属可疑；空手MAX 复算偏低
敌人-黑色异形兵1,信使异形,原版敌人 2011-2012.xml,2,盗贼,0.6,小型小怪-,拟合,25.8%,空手MAX,150,97.22,35.2%,经验max 面板 410/复算 121.34（70.4%）；经验min 面板 56/复算 18.44（67.1%）,档次系数 0.6 低于参考区间下限 1：面板比最小怪还弱，阶段或档次归属可疑；空手MAX 复算偏低
敌人-A兵团改造人,A兵团改造人,诺亚新敌人.xml,7,诺亚后期,4.5,中级精英-,制作组点名,24.3%,防御min,200,132.32,33.8%,经验max 面板 6000/复算 3946.29（34.2%）；经验min 面板 1000/复算 709.39（29.1%）,防御min 复算偏低
敌人-日本特战,小日本特种兵,原版敌人 2011-2012.xml,1,废城,0.3,小型小怪-,拟合,24.2%,空手MIN,10,6.46,35.4%,经验min 面板 23/复算 2.94（87.2%）；经验max 面板 200/复算 99.85（50.1%）,档次系数 0.3 低于参考区间下限 1：面板比最小怪还弱，阶段或档次归属可疑；空手MIN 复算偏低
敌人-小日本小兵,小日本杂兵,原版敌人 2011-2012.xml,1,废城,0.3,小型小怪-,拟合,24.2%,空手MIN,10,6.49,35.1%,经验min 面板 23/复算 2.94（87.2%）；经验max 面板 200/复算 99.85（50.1%）,档次系数 0.3 低于参考区间下限 1：面板比最小怪还弱，阶段或档次归属可疑；空手MIN 复算偏低
敌人-黄色铁血战士,驯鹰者铁血,原版敌人 2011-2012.xml,2,盗贼,3.5,低级精英+,拟合,22.9%,空手MAX,150,85.88,42.7%,经验min 面板 30/复算 124.23（314.1%）；经验max 面板 1800/复算 565.85（68.6%）,空手MAX 复算偏低
敌人-军阀重装兵,军阀重装兵,原版敌人 2011-2012.xml,3,军阀,3,低级精英,拟合,22.5%,空手MAX,400,232.95,41.8%,经验max 面板 360/复算 631.44（75.4%）；经验min 面板 125/复算 177.21（41.8%）,空手MAX 复算偏低
敌人-盗贼侏儒,跳蚤,原版敌人 2011-2012.xml,2,盗贼,0.9,小型小怪-,拟合,21.9%,防御max,160,222.84,39.3%,经验max 面板 200/复算 153.54（23.2%）；经验min 面板 23/复算 20.49（10.9%）,档次系数 0.9 低于参考区间下限 1：面板比最小怪还弱，阶段或档次归属可疑；防御max 复算偏高
敌人-红色铁血战士,狂战士铁血,原版敌人 2011-2012.xml,2,盗贼,8,高级精英,拟合,21.9%,HPmin,3000,1891.05,37%,经验min 面板 30/复算 149.27（397.6%）；经验max 面板 1800/复算 2092.51（16.3%）,HPmin 复算偏低
敌人-方舟无人机,方舟无人机,原版敌人 2013-2016.xml,8,雪山,0.3,小型小怪-,拟合,21.4%,空手MAX,150,88.7,40.9%,经验min 面板 100/复算 42.31（57.7%）；经验max 面板 4000/复算 1728.96（56.8%）,档次系数 0.3 低于参考区间下限 1：面板比最小怪还弱，阶段或档次归属可疑；空手MAX 复算偏低
敌人-方舟爪豪,方舟爪豪,诺亚新敌人.xml,6,诺亚前期,13,中级boss,制作组点名,21.2%,空手MAX,500,324.08,35.2%,经验min 面板 8000/复算 2122.12（73.5%）；经验max 面板 20000/复算 12525.6（37.4%）,空手MAX 复算偏低
敌人-霜精之王,霜精之王,彩蛋支线.xml,7,诺亚后期,8,高级精英,拟合,20.7%,HPmax,100000,74093.15,25.9%,经验min 面板 1000/复算 1414.93（41.5%）；经验max 面板 6000/复算 7579.17（26.3%）,HPmax 复算偏低
敌人-斯巴达战士,斯巴达勇士,原版敌人 2013-2016.xml,6,诺亚前期,18,顶级boss-,拟合,20.7%,HPmax,120000,154452.83,28.7%,经验max 面板 9000/复算 21257.01（136.2%）；经验min 面板 5000/复算 4559.88（8.8%）,HPmax 复算偏高
敌人-黑铁武士,黑铁武士,换皮敌人与战宠.xml,5,总堂后期,5,中级精英,拟合,20.6%,防御max,510,312.4,38.7%,经验min 面板 385/复算 460.03（19.5%）；经验max 面板 2500/复算 2293.19（8.3%）,防御max 复算偏低
敌人-方舟巨人,方舟巨人,原版敌人 2013-2016.xml,8,雪山,3,低级精英,拟合,20.5%,空手MAX,250,153.06,38.8%,经验min 面板 5000/复算 587.93（88.2%）；经验max 面板 10000/复算 3078.54（69.2%）,空手MAX 复算偏低
敌人-蓝色铁血战士,狩猎者铁血,原版敌人 2011-2012.xml,2,盗贼,6.5,高级精英-,拟合,20.4%,空手MAX,180,125.51,30.3%,经验min 面板 30/复算 189.05（530.2%）；经验max 面板 1800/复算 1478.63（17.9%）,空手MAX 复算偏低
敌人-人修罗,混沌王,彩蛋支线.xml,15,主线后,32,顶级boss+,制作组点名,20.2%,防御max,1500,823.32,45.1%,经验min 面板 10000/复算 177355.55（1673.6%）；经验max 面板 60000/复算 137002.74（128.3%）,档次系数 32 高于参考区间上限 25：面板比顶级 boss 还强，阶段或档次归属可疑（搜索网格无此上限，这是实算值）；防御max 复算偏低
敌人-终结者T800,终结者T800,原版敌人 2011-2012.xml,2,盗贼,1,小型小怪,拟合,20.2%,空手MAX,120,70.18,41.5%,经验min 面板 267/复算 29.75（88.9%）；经验max 面板 1080/复算 158.03（85.4%）,空手MAX 复算偏低
敌人-Surveyor,Surveyor,军阀新人物.xml,5,总堂后期,11,中级boss-,拟合,20.2%,HPmin,13000,7986.73,38.6%,经验min 面板 20000/复算 700.11（96.5%）；经验max 面板 35000/复算 8370.68（76.1%）,HPmin 复算偏低
敌人-拼命之王,拼命之王,boss重做.xml,10,主线后,30,顶级boss+,制作组点名,17%,空手MIN,500,367.49,26.5%,经验min 面板 10000/复算 135043.23（1250.4%）；经验max 面板 60000/复算 76666.72（27.8%）,档次系数 30 高于参考区间上限 25：面板比顶级 boss 还强，阶段或档次归属可疑（搜索网格无此上限，这是实算值）；空手MIN 复算偏低
敌人-诺亚狙击兵,布道者,诺亚新敌人.xml,7,诺亚后期,3,低级精英,制作组点名,15.3%,空手MAX,600,455.6,24.1%,经验max 面板 5000/复算 2488.96（50.2%）；经验min 面板 1000/复算 708.41（29.2%）,空手MAX 复算偏低
敌人-诺亚重装兵,卫道士,诺亚新敌人.xml,7,诺亚后期,9,低级boss,制作组点名,11.8%,HPmin,12000,9575.56,20.2%,经验min 面板 3500/复算 2149.42（38.6%）；经验max 面板 8000/复算 7904.77（1.2%）,HPmin 复算偏低
敌人-诺亚突击兵,忏悔者,诺亚新敌人.xml,7,诺亚后期,3,低级精英,制作组点名,10%,空手MAX,600,487.18,18.8%,经验max 面板 5000/复算 2527.06（49.5%）；经验min 面板 1000/复算 668.69（33.1%）,空手MAX 复算偏低
敌人-诺亚地狱三头犬,刻耳柏洛斯,诺亚新敌人.xml,7,诺亚后期,20,顶级boss,制作组点名,8.6%,HPmin,96500,81261.85,15.8%,经验min 面板 2700/复算 11382.96（321.6%）；经验max 面板 16500/复算 26571.93（61%）,HPmin 复算偏低
敌人-方舟收割者,Ark Reaper,诺亚新敌人.xml,7,诺亚后期,25,顶级boss+,制作组点名,7.6%,HPmax,99000,111558.61,12.7%,经验min 面板 15000/复算 39758.35（165.1%）；经验max 面板 60000/复算 36000.78（40%）,HPmax 复算偏高
敌人-EXUSIAI指挥官,EXUSIAI指挥官,天网.xml,8,雪山,36,顶级boss+,制作组点名,7.4%,HPmin,30000,26134.8,12.9%,经验min 面板 20000/复算 420377.26（2001.9%）；经验max 面板 30000/复算 79234.14（164.1%）,档次系数 36 高于参考区间上限 25：面板比顶级 boss 还强，阶段或档次归属可疑（搜索网格无此上限，这是实算值）；HPmin 复算偏低
敌人-方舟兽王,方舟兽王,原版敌人 2013-2016.xml,7,诺亚后期,20,顶级boss,制作组点名,4.9%,HPmin,30000,27434.02,8.6%,经验max 面板 30000/复算 28067.75（6.4%）；经验min 面板 10000/复算 9868.86（1.3%）,HPmin 复算偏低
