模板,别名,数据文件,标识行,阶段,档次系数,最越界的系数,超出倍数,超出的系数与参考区间,误差值
敌人-日本特战,小日本特种兵,原版敌人 2011-2012.xml,2474,1,0.3,档次系数,3.33倍,档次系数 0.3（参考 1~25）,24.2%
敌人-小日本小兵,小日本杂兵,原版敌人 2011-2012.xml,2438,1,0.3,档次系数,3.33倍,档次系数 0.3（参考 1~25）,24.2%
敌人-蛇形异形幼虫,破胸虫,原版敌人 2011-2012.xml,1086,2,0.3,档次系数,3.33倍,档次系数 0.3（参考 1~25）,33.3%
敌人-蜘蛛形异形幼虫,抱面虫,原版敌人 2011-2012.xml,1125,2,0.3,档次系数,3.33倍,档次系数 0.3（参考 1~25）,33.2%
敌人-方舟无人机,方舟无人机,原版敌人 2013-2016.xml,951,8,0.3,档次系数,3.33倍,档次系数 0.3（参考 1~25）,21.4%
敌人-EXUSIAI指挥官,EXUSIAI指挥官,天网.xml,36,8,36,攻击倍率,3.33倍,攻击倍率 10（参考 0.5~3）；高攻低血防系数 3.1（参考 0.5~2）；档次系数 36（参考 1~25）；高防低血系数 11.3（参考 0.1~10）,7.4%
敌人-日本军官,小日本少佐,原版敌人 2011-2012.xml,2510,1,0.4,档次系数,2.5倍,档次系数 0.4（参考 1~25）,19.8%
敌人-辫子姑娘,战斗少女,原版敌人 2011-2012.xml,1523,2,0.4,档次系数,2.5倍,档次系数 0.4（参考 1~25）,16.2%
敌人-盗贼瘦子,杀手,原版敌人 2011-2012.xml,1693,2,0.4,档次系数,2.5倍,档次系数 0.4（参考 1~25）,31.2%
敌人-狂野玫瑰马尾姑娘,街舞少女,原版敌人 2011-2012.xml,1369,2,0.4,档次系数,2.5倍,档次系数 0.4（参考 1~25）,13.8%
敌人-二足型机器人,二足机器人,天网.xml,372,3,0.5,档次系数,2倍,档次系数 0.5（参考 1~25）,12.7%
敌人-方舟卫士,方舟卫士,原版敌人 2013-2016.xml,918,8,0.5,档次系数,2倍,档次系数 0.5（参考 1~25）,14.1%
敌人-渗透者,渗透者,原版敌人 2013-2016.xml,986,8,0.5,档次系数,2倍,档次系数 0.5（参考 1~25）,15.2%
敌人-盗贼侏儒,跳蚤,原版敌人 2011-2012.xml,1470,2,0.9,高攻低血防系数,1.8倍,高攻低血防系数 3.6（参考 0.5~2）；档次系数 0.9（参考 1~25）,21.9%
敌人-黑色异形兵1,信使异形,原版敌人 2011-2012.xml,1047,2,0.6,档次系数,1.67倍,档次系数 0.6（参考 1~25）,25.8%
敌人-军阀突击兵,军阀突击兵,原版敌人 2011-2012.xml,2037,3,0.6,档次系数,1.67倍,档次系数 0.6（参考 1~25）,17.5%
敌人-武士铁血战士,武士铁血,原版敌人 2011-2012.xml,2204,4,27,段数系数,1.58倍,段数系数 15.8（参考 1~10）；档次系数 27（参考 1~25）,15.8%
敌人-蓝色异形兵1,兵蜂异形,原版敌人 2011-2012.xml,1006,2,0.7,档次系数,1.43倍,档次系数 0.7（参考 1~25）,28%
敌人-肉色异形兵1,斥候异形,原版敌人 2011-2012.xml,964,2,0.7,档次系数,1.43倍,档次系数 0.7（参考 1~25）,27%
敌人-军阀狙击兵,狙击兵,原版敌人 2011-2012.xml,1916,3,0.7,档次系数,1.43倍,档次系数 0.7（参考 1~25）,19%
敌人-普通僵尸蛆,僵尸蛆,原版敌人 2013-2016.xml,739,6,0.7,档次系数,1.43倍,档次系数 0.7（参考 1~25）,11.2%
敌人-拼命之王,拼命之王,boss重做.xml,203,10,30,攻击倍率,1.3倍,攻击倍率 3.9（参考 0.5~3）；档次系数 30（参考 1~25）,17%
敌人-人修罗,混沌王,彩蛋支线.xml,320,15,32,档次系数,1.28倍,档次系数 32（参考 1~25）；段数系数 11（参考 1~10）,20.2%
敌人-盗贼枪手,左轮,原版敌人 2011-2012.xml,1417,2,0.8,档次系数,1.25倍,档次系数 0.8（参考 1~25）；攻击倍率 3.7（参考 0.5~3）；高攻低血防系数 2.2（参考 0.5~2）,18.6%
敌人-dude,dude,彩蛋支线.xml,447,7,29,档次系数,1.16倍,档次系数 29（参考 1~25）,12.7%
敌人-普通改造僵尸,普通改造僵尸,原版敌人 2013-2016.xml,595,6,0.9,档次系数,1.11倍,档次系数 0.9（参考 1~25）,16.8%
敌人-武士大僵尸,克隆僵尸武士,原版敌人 2013-2016.xml,1090,9,0.9,档次系数,1.11倍,档次系数 0.9（参考 1~25）,13.3%
敌人-唐装剑侠,黑铁,原版敌人 2013-2016.xml,444,5,27,档次系数,1.08倍,档次系数 27（参考 1~25）；段数系数 10.6（参考 1~10）,2.5%
敌人-方舟护士,方舟护士,原版敌人 2013-2016.xml,1019,8,2,攻击倍率,6.7倍,攻击倍率 20.1（参考 0.5~3）；高攻低血防系数 2.8（参考 0.5~2）,18.4%
敌人-军阀弹药兵,军阀弹药兵,原版敌人 2011-2012.xml,2096,3,1.5,攻击倍率,2.77倍,攻击倍率 8.3（参考 0.5~3）,19.5%
敌人-Lady,Lady,换皮敌人与战宠.xml,825,6,13,攻击倍率,2.5倍,攻击倍率 7.5（参考 0.5~3）,2%
敌人-圣诞白忍,！！！,彩蛋支线.xml,208,7,19,段数系数,2.21倍,段数系数 22.1（参考 1~10）；高攻低血防系数 2.1（参考 0.5~2）,9.7%
敌人-白面肌肉男,白面肌肉男,彩蛋支线.xml,522,2,5.5,高攻低血防系数,2.1倍,高攻低血防系数 4.2（参考 0.5~2）；段数系数 11.1（参考 1~10）,6%
敌人-灰面肌肉男,灰面肌肉男,彩蛋支线.xml,559,2,5.5,高攻低血防系数,2.1倍,高攻低血防系数 4.2（参考 0.5~2）；段数系数 11.1（参考 1~10）,6%
敌人-唐头肌肉男,神秘肌肉男,彩蛋支线.xml,485,2,5.5,高攻低血防系数,2.1倍,高攻低血防系数 4.2（参考 0.5~2）；段数系数 11.1（参考 1~10）,6%
敌人-僵尸1-狗,野狗,原版敌人 2011-2012.xml,709,2,2.5,高攻低血防系数,1.9倍,高攻低血防系数 3.8（参考 0.5~2）,17.7%
敌人-人面蛛,人面蛛,下水道.xml,303,5,4,高攻低血防系数,1.9倍,高攻低血防系数 3.8（参考 0.5~2）,3.1%
敌人-军阀精英弹药兵,军阀精英弹药兵,换皮敌人与战宠.xml,390,3,5.5,攻击倍率,1.77倍,攻击倍率 5.3（参考 0.5~3）；高攻低血防系数 2.3（参考 0.5~2）,12.8%
敌人-EXUSIAI支援型,EXUSIAI支援型,天网.xml,128,7,8,攻击倍率,1.7倍,攻击倍率 5.1（参考 0.5~3）,9.9%
敌人-闪6特工,克隆人,诺亚新敌人.xml,215,6,6.5,高攻低血防系数,1.6倍,高攻低血防系数 3.2（参考 0.5~2）,11.8%
敌人-黑铁会死士,黑铁死士,原版敌人 2011-2012.xml,1584,2,1.5,高攻低血防系数,1.5倍,高攻低血防系数 3（参考 0.5~2）,14.7%
敌人-摇滚公园萝莉,吉他,原版敌人 2011-2012.xml,1734,2,10,段数系数,1.5倍,段数系数 15（参考 1~10）；攻击倍率 4.3（参考 0.5~3）,8.9%
敌人-军阀精英狙击兵,军阀精英狙击兵,换皮敌人与战宠.xml,441,3,5,高攻低血防系数,1.5倍,高攻低血防系数 3（参考 0.5~2）,12.4%
敌人-独狼,独狼铁血,换皮敌人与战宠.xml,28,5,18,攻击倍率,1.47倍,攻击倍率 4.4（参考 0.5~3）,13.5%
敌人-刀狙少女,精锐掠夺少女,换皮敌人与战宠.xml,937,2,7.5,高攻低血防系数,1.4倍,高攻低血防系数 2.8（参考 0.5~2）,11.3%
敌人-黑铁精英流锤兵,黑铁流锤,换皮敌人与战宠.xml,501,4,4,高攻低血防系数,1.4倍,高攻低血防系数 2.8（参考 0.5~2）,10.6%
敌人-黑铁重锤,黑铁重锤,换皮敌人与战宠.xml,572,5,10,攻击倍率,1.4倍,攻击倍率 4.2（参考 0.5~3）,4.3%
敌人-铠甲勇士,黑龙,原版敌人 2013-2016.xml,375,5,11,攻击倍率,1.27倍,攻击倍率 3.8（参考 0.5~3）,12.2%
敌人-盗贼大叔,铁拳,原版敌人 2011-2012.xml,1635,2,4,高攻低血防系数,1.25倍,高攻低血防系数 2.5（参考 0.5~2）,4.5%
敌人-黑铁死士精英,黑铁游侠,换皮敌人与战宠.xml,632,2,7.5,高攻低血防系数,1.25倍,高攻低血防系数 2.5（参考 0.5~2）,19.9%
敌人-黑铁会刺客,黑铁刺客,原版敌人 2013-2016.xml,61,4,2,高攻低血防系数,1.25倍,高攻低血防系数 2.5（参考 0.5~2）,7.9%
敌人-诺亚狙击兵,布道者,诺亚新敌人.xml,293,7,3,高攻低血防系数,1.25倍,高攻低血防系数 2.5（参考 0.5~2）,15.3%
敌人-铠甲勇士战马形态,黑龙（战马）,原版敌人 2013-2016.xml,297,5,13,段数系数,1.22倍,段数系数 12.2（参考 1~10）,9.7%
敌人-黑白无常,浮士德兄弟,原版敌人 2011-2012.xml,2400,4,5,段数系数,1.21倍,段数系数 12.1（参考 1~10）,10.1%
敌人-诺艾尔,诺艾尔,彩蛋支线.xml,26,6,9,高攻低血防系数,1.2倍,高攻低血防系数 2.4（参考 0.5~2）,38.9%
敌人-军阀精英突击兵,军阀精英突击兵,换皮敌人与战宠.xml,241,3,6,高攻低血防系数,1.15倍,高攻低血防系数 2.3（参考 0.5~2）,2.7%
敌人-黑铁武士,黑铁武士,换皮敌人与战宠.xml,183,5,5,高攻低血防系数,1.15倍,高攻低血防系数 2.3（参考 0.5~2）,20.6%
敌人-蛙型仿生僵尸,蛙型仿生僵尸,诺亚新敌人.xml,65,6,4,高攻低血防系数,1.15倍,高攻低血防系数 2.3（参考 0.5~2）,15.1%
敌人-牛仔boss,牛仔,原版敌人 2011-2012.xml,2317,4,7,段数系数,1.13倍,段数系数 11.3（参考 1~10）,9.1%
敌人-李小龙,Lee,原版敌人 2011-2012.xml,2151,4,17,高攻低血防系数,1.1倍,高攻低血防系数 2.2（参考 0.5~2）,5.5%
敌人-黑铁弓箭手,黑铁弓手,换皮敌人与战宠.xml,1059,5,4,高攻低血防系数,1.1倍,高攻低血防系数 2.2（参考 0.5~2）,4.9%
敌人-杰克霜精,杰克霜精,彩蛋支线.xml,62,5,4.5,高攻低血防系数,1.1倍,高攻低血防系数 2.2（参考 0.5~2）,15.4%
敌人-火柴人剑士,火柴人剑士,彩蛋支线.xml,402,7,3.5,高攻低血防系数,1.1倍,高攻低血防系数 2.2（参考 0.5~2）,14.5%
敌人-诺亚突击兵,忏悔者,诺亚新敌人.xml,254,7,3,高攻低血防系数,1.1倍,高攻低血防系数 2.2（参考 0.5~2）,10%
敌人-不明士兵,侦察队员,天网.xml,334,6,12,攻击倍率,1.07倍,攻击倍率 3.2（参考 0.5~3）；高攻低血防系数 2.1（参考 0.5~2）,10.3%
敌人-红色铁血战士,狂战士铁血,原版敌人 2011-2012.xml,1197,2,8,高攻低血防系数,1.05倍,高攻低血防系数 2.1（参考 0.5~2）,21.9%
